Region, Date, Estimated Unemployment Rate (%), Estimated Employed, Estimated Labour Participation Rate (%),Area,Year,Month
Andhra Pradesh,5/31/2019,3.65,11999139,43.24,Rural,2019,5
Andhra Pradesh,6/30/2019,3.05,11755881,42.05,Rural,2019,6
Andhra Pradesh,7/31/2019,3.75,12086707,43.5,Rural,2019,7
Andhra Pradesh,8/31/2019,3.32,12285693,43.97,Rural,2019,8
Andhra Pradesh,9/30/2019,5.17,12256762,44.68,Rural,2019,9
Andhra Pradesh,10/31/2019,3.52,12017412,43.01,Rural,2019,10
Andhra Pradesh,11/30/2019,4.12,11397681,41,Rural,2019,11
Andhra Pradesh,12/31/2019,4.38,12528395,45.14,Rural,2019,12
Andhra Pradesh,1/31/2020,4.84,12016676,43.46,Rural,2020,1
Andhra Pradesh,2/29/2020,5.91,11723617,42.83,Rural,2020,2
Andhra Pradesh,3/31/2020,4.06,11359660,40.66,Rural,2020,3
Andhra Pradesh,4/30/2020,16.29,8792827,36.03,Rural,2020,4
Andhra Pradesh,5/31/2020,14.46,9526902,38.16,Rural,2020,5
Andhra Pradesh,6/30/2020,0.85,15572975,53.76,Rural,2020,6
Assam,5/31/2019,4.29,11749334,57.39,Rural,2019,5
Assam,6/30/2019,5.08,8923222,43.87,Rural,2019,6
Assam,7/31/2019,4.26,9911534,48.21,Rural,2019,7
Assam,8/31/2019,5.79,9292039,45.83,Rural,2019,8
Assam,9/30/2019,4.46,11468349,55.67,Rural,2019,9
Assam,10/31/2019,4.65,8395906,40.76,Rural,2019,10
Assam,11/30/2019,4.66,9625362,46.64,Rural,2019,11
Assam,1/31/2020,4.29,11420996,54.9,Rural,2020,1
Assam,2/29/2020,3.26,8462814,40.17,Rural,2020,2
Assam,3/31/2020,3.77,9878742,47.05,Rural,2020,3
Assam,5/31/2020,9.38,9926176,50,Rural,2020,5
Assam,6/30/2020,0,7544937,34.38,Rural,2020,6
Bihar,5/31/2019,9.27,24322330,39.75,Rural,2019,5
Bihar,6/30/2019,10.2,24097712,39.71,Rural,2019,6
Bihar,7/31/2019,13.44,23248875,39.66,Rural,2019,7
Bihar,8/31/2019,11,22260203,36.85,Rural,2019,8
Bihar,9/30/2019,8.87,23905700,38.57,Rural,2019,9
Bihar,10/31/2019,12.47,24053140,40.31,Rural,2019,10
Bihar,11/30/2019,12.4,22445989,37.51,Rural,2019,11
Bihar,12/31/2019,10.16,22914530,37.25,Rural,2019,12
Bihar,1/31/2020,9.13,23409006,37.54,Rural,2020,1
Bihar,2/29/2020,9.61,23168192,37.28,Rural,2020,2
Bihar,3/31/2020,15.39,22667882,38.88,Rural,2020,3
Bihar,4/30/2020,45.09,14645275,38.63,Rural,2020,4
Bihar,5/31/2020,47.26,14050319,38.5,Rural,2020,5
Bihar,6/30/2020,20.49,20622566,37.4,Rural,2020,6
Chhattisgarh,5/31/2019,9.82,6259019,42.89,Rural,2019,5
Chhattisgarh,6/30/2019,6.76,6608626,43.71,Rural,2019,6
Chhattisgarh,7/31/2019,4.54,6753622,43.53,Rural,2019,7
Chhattisgarh,8/31/2019,4.64,6607694,42.55,Rural,2019,8
Chhattisgarh,9/30/2019,8.33,6490776,43.38,Rural,2019,9
Chhattisgarh,10/31/2019,6.96,7043840,46.28,Rural,2019,10
Chhattisgarh,11/30/2019,2.77,6942931,43.56,Rural,2019,11
Chhattisgarh,12/31/2019,6.11,6569385,42.59,Rural,2019,12
Chhattisgarh,1/31/2020,9.89,6236201,42.03,Rural,2020,1
Chhattisgarh,2/29/2020,7.89,6847173,45.05,Rural,2020,2
Chhattisgarh,3/31/2020,7.31,6894808,44.98,Rural,2020,3
Chhattisgarh,4/30/2020,0,6534321,39.43,Rural,2020,4
Chhattisgarh,5/31/2020,7.64,5454091,35.56,Rural,2020,5
Chhattisgarh,6/30/2020,10.14,5781095,38.66,Rural,2020,6
Delhi,5/31/2019,12.56,169487,42.33,Rural,2019,5
Delhi,6/30/2019,9.33,149076,35.74,Rural,2019,6
Delhi,7/31/2019,11.07,166605,40.53,Rural,2019,7
Delhi,8/31/2019,17.18,135407,35.21,Rural,2019,8
Delhi,9/30/2019,12.5,166056,40.68,Rural,2019,9
Delhi,10/31/2019,15.84,149511,37.9,Rural,2019,10
Delhi,11/30/2019,11.11,178768,42.71,Rural,2019,11
Delhi,12/31/2019,16.97,145671,37.08,Rural,2019,12
Delhi,1/31/2020,13.48,157791,38.36,Rural,2020,1
Delhi,2/29/2020,13.81,147500,35.84,Rural,2020,2
Delhi,3/31/2020,15.18,152413,37.45,Rural,2020,3
Delhi,4/30/2020,20.69,115487,30.21,Rural,2020,4
Delhi,5/31/2020,22.76,129610,34.65,Rural,2020,5
Delhi,6/30/2020,21.14,112108,29.22,Rural,2020,6
Goa,5/31/2019,2.91,179340,39.16,Rural,2019,5
Goa,6/30/2019,5.45,170471,38.19,Rural,2019,6
Goa,7/31/2019,10.98,167437,39.81,Rural,2019,7
Goa,8/31/2019,1.98,183603,39.61,Rural,2019,8
Goa,9/30/2019,3.61,163215,35.78,Rural,2019,9
Goa,10/31/2019,7.21,177440,40.36,Rural,2019,10
Goa,11/30/2019,23.71,159489,44.09,Rural,2019,11
Goa,12/31/2019,3.54,177155,38.7,Rural,2019,12
Goa,1/31/2020,5.38,158936,35.36,Rural,2020,1
Goa,2/29/2020,0,171672,36.11,Rural,2020,2
Goa,4/30/2020,15.91,181657,45.36,Rural,2020,4
Goa,5/31/2020,20,128538,33.71,Rural,2020,5
Gujarat,5/31/2019,2.88,13954728,52.03,Rural,2019,5
Gujarat,6/30/2019,4.77,13199281,50.12,Rural,2019,6
Gujarat,7/31/2019,4.58,14327083,54.21,Rural,2019,7
Gujarat,8/31/2019,3.7,13507342,50.57,Rural,2019,8
Gujarat,9/30/2019,6.29,13280783,51.01,Rural,2019,9
Gujarat,10/31/2019,4.91,13828512,52.27,Rural,2019,10
Gujarat,11/30/2019,4.68,14487815,54.55,Rural,2019,11
Gujarat,12/31/2019,3.46,13877825,51.51,Rural,2019,12
Gujarat,1/31/2020,5.35,14301844,54.07,Rural,2020,1
Gujarat,2/29/2020,6.64,13973042,53.48,Rural,2020,2
Gujarat,3/31/2020,7.59,13483615,52.06,Rural,2020,3
Gujarat,4/30/2020,12,8587594,34.77,Rural,2020,4
Gujarat,5/31/2020,14.58,11121124,46.31,Rural,2020,5
Gujarat,6/30/2020,1.41,13243922,47.72,Rural,2020,6
Haryana,5/31/2019,14.54,5249186,45.12,Rural,2019,5
Haryana,6/30/2019,23.08,4745178,45.23,Rural,2019,6
Haryana,7/31/2019,16.22,4826560,42.17,Rural,2019,7
Haryana,8/31/2019,30.94,4558306,48.23,Rural,2019,8
Haryana,9/30/2019,16.36,5127956,44.72,Rural,2019,9
Haryana,10/31/2019,24.17,4798833,46.07,Rural,2019,10
Haryana,11/30/2019,16.59,4875763,42.48,Rural,2019,11
Haryana,12/31/2019,29.56,4603484,47.4,Rural,2019,12
Haryana,1/31/2020,16.21,5062293,43.74,Rural,2020,1
Haryana,2/29/2020,27.19,4570108,45.37,Rural,2020,2
Haryana,3/31/2020,23.92,4366148,41.4,Rural,2020,3
Haryana,4/30/2020,41.61,4041050,49.85,Rural,2020,4
Haryana,5/31/2020,34.22,3914193,42.78,Rural,2020,5
Haryana,6/30/2020,35.57,4357835,48.53,Rural,2020,6
Himachal Pradesh,5/31/2019,13.68,2045760,44.23,Rural,2019,5
Himachal Pradesh,6/30/2019,11.43,1957081,41.18,Rural,2019,6
Himachal Pradesh,7/31/2019,20.59,1916824,44.91,Rural,2019,7
Himachal Pradesh,8/31/2019,18.56,1969248,44.91,Rural,2019,8
Himachal Pradesh,9/30/2019,15.98,2039804,45.02,Rural,2019,9
Himachal Pradesh,10/31/2019,15.81,1946957,42.81,Rural,2019,10
Himachal Pradesh,11/30/2019,22.86,2024409,48.5,Rural,2019,11
Himachal Pradesh,12/31/2019,19.46,1922821,44.05,Rural,2019,12
Himachal Pradesh,1/31/2020,16.67,2041035,45.11,Rural,2020,1
Himachal Pradesh,2/29/2020,15.42,1952464,42.45,Rural,2020,2
Himachal Pradesh,3/31/2020,17.71,1800426,40.17,Rural,2020,3
Himachal Pradesh,4/30/2020,2.13,984171,18.43,Rural,2020,4
Himachal Pradesh,5/31/2020,25.64,1732050,42.62,Rural,2020,5
Himachal Pradesh,6/30/2020,1.12,2230075,41.2,Rural,2020,6
Jammu & Kashmir,5/31/2019,12.78,2495186,40.57,Rural,2019,5
Jammu & Kashmir,6/30/2019,12.09,2423742,39.02,Rural,2019,6
Jammu & Kashmir,7/31/2019,13.67,2549316,41.71,Rural,2019,7
Jammu & Kashmir,8/31/2019,11.32,2778624,44.17,Rural,2019,8
Jammu & Kashmir,10/31/2019,19.27,2477621,43.08,Rural,2019,10
Jammu & Kashmir,11/30/2019,14.73,2415724,39.69,Rural,2019,11
Jammu & Kashmir,1/31/2020,22.19,2373488,42.56,Rural,2020,1
Jammu & Kashmir,2/29/2020,21.23,2163397,38.25,Rural,2020,2
Jammu & Kashmir,3/31/2020,16,2361004,39.06,Rural,2020,3
Jammu & Kashmir,5/31/2020,2.22,2716966,38.46,Rural,2020,5
Jammu & Kashmir,6/30/2020,18.97,2049617,34.94,Rural,2020,6
Jharkhand,5/31/2019,7.11,7035766,39.04,Rural,2019,5
Jharkhand,6/30/2019,8.46,7319782,41.12,Rural,2019,6
Jharkhand,7/31/2019,9.98,6958404,39.66,Rural,2019,7
Jharkhand,8/31/2019,12.06,7015356,40.83,Rural,2019,8
Jharkhand,9/30/2019,7.12,7500122,41.24,Rural,2019,9
Jharkhand,10/31/2019,6.57,7761243,42.33,Rural,2019,10
Jharkhand,11/30/2019,8.07,7279628,40.26,Rural,2019,11
Jharkhand,12/31/2019,15.15,6873437,41.09,Rural,2019,12
Jharkhand,1/31/2020,6.16,7868736,42.43,Rural,2020,1
Jharkhand,2/29/2020,9.06,7932402,44.05,Rural,2020,2
Jharkhand,3/31/2020,5.01,7157454,37.96,Rural,2020,3
Jharkhand,4/30/2020,41.72,4280434,36.92,Rural,2020,4
Jharkhand,5/31/2020,55.1,3315038,37.03,Rural,2020,5
Jharkhand,6/30/2020,21.53,6375114,40.65,Rural,2020,6
Karnataka,5/31/2019,5.46,13911440,46.36,Rural,2019,5
Karnataka,6/30/2019,5.98,12888490,43.12,Rural,2019,6
Karnataka,7/31/2019,0.52,12169808,38.42,Rural,2019,7
Karnataka,8/31/2019,0.37,12686470,39.93,Rural,2019,8
Karnataka,9/30/2019,3.2,13741892,44.45,Rural,2019,9
Karnataka,10/31/2019,7.13,12803527,43.1,Rural,2019,10
Karnataka,11/30/2019,1.19,11537217,36.45,Rural,2019,11
Karnataka,12/31/2019,0.41,12756132,39.92,Rural,2019,12
Karnataka,1/31/2020,2.57,13938874,44.52,Rural,2020,1
Karnataka,2/29/2020,4.11,12753657,41.33,Rural,2020,2
Karnataka,3/31/2020,2.39,12853818,40.85,Rural,2020,3
Karnataka,4/30/2020,33.17,9330400,43.25,Rural,2020,4
Karnataka,5/31/2020,23.72,10626328,43.09,Rural,2020,5
Karnataka,6/30/2020,10.92,15396213,53.37,Rural,2020,6
Kerala,5/31/2019,6.63,5184355,38.07,Rural,2019,5
Kerala,6/30/2019,9,5605627,42.19,Rural,2019,6
Kerala,7/31/2019,4.95,4855393,34.96,Rural,2019,7
Kerala,8/31/2019,10.32,5233449,39.9,Rural,2019,8
Kerala,9/30/2019,5.35,5400499,38.97,Rural,2019,9
Kerala,10/31/2019,9.14,5328825,40.02,Rural,2019,10
Kerala,11/30/2019,5,4557906,32.71,Rural,2019,11
Kerala,12/31/2019,10.77,5065804,38.67,Rural,2019,12
Kerala,1/31/2020,4.11,5307026,37.66,Rural,2020,1
Kerala,2/29/2020,8.91,5203579,38.84,Rural,2020,2
Kerala,3/31/2020,8.85,4141953,30.87,Rural,2020,3
Kerala,4/30/2020,10.71,1754170,13.33,Rural,2020,4
Kerala,5/31/2020,23.38,3799919,33.62,Rural,2020,5
Kerala,6/30/2020,27.66,3952088,37.01,Rural,2020,6
Madhya Pradesh,5/31/2019,3.63,15349838,37.97,Rural,2019,5
Madhya Pradesh,6/30/2019,4.25,16294794,40.48,Rural,2019,6
Madhya Pradesh,7/31/2019,3.92,16274707,40.2,Rural,2019,7
Madhya Pradesh,8/31/2019,4.94,16559137,41.25,Rural,2019,8
Madhya Pradesh,9/30/2019,3.08,16159315,39.4,Rural,2019,9
Madhya Pradesh,10/31/2019,2.98,17060638,41.46,Rural,2019,10
Madhya Pradesh,11/30/2019,2.72,16306428,39.44,Rural,2019,11
Madhya Pradesh,12/31/2019,2.94,16854647,40.77,Rural,2019,12
Madhya Pradesh,1/31/2020,3.66,16183702,39.35,Rural,2020,1
Madhya Pradesh,2/29/2020,4.42,16178044,39.57,Rural,2020,2
Madhya Pradesh,3/31/2020,1.19,16480441,38.9,Rural,2020,3
Madhya Pradesh,4/30/2020,12.5,14238959,37.88,Rural,2020,4
Madhya Pradesh,5/31/2020,22.46,13099601,39.24,Rural,2020,5
Madhya Pradesh,6/30/2020,6.46,16748971,41.5,Rural,2020,6
Maharashtra,5/31/2019,3.67,23896858,47.11,Rural,2019,5
Maharashtra,6/30/2019,4.34,23056511,45.69,Rural,2019,6
Maharashtra,7/31/2019,3.66,24843750,48.8,Rural,2019,7
Maharashtra,8/31/2019,3.76,26835389,52.67,Rural,2019,8
Maharashtra,9/30/2019,4.4,25219281,49.74,Rural,2019,9
Maharashtra,10/31/2019,3.81,24330249,47.61,Rural,2019,10
Maharashtra,11/30/2019,3.68,24881383,48.53,Rural,2019,11
Maharashtra,12/31/2019,3.03,26357625,50.98,Rural,2019,12
Maharashtra,1/31/2020,3.8,25881398,50.36,Rural,2020,1
Maharashtra,2/29/2020,4.24,25293535,49.36,Rural,2020,2
Maharashtra,3/31/2020,5.38,23130976,45.6,Rural,2020,3
Maharashtra,4/30/2020,25.28,15014802,37.42,Rural,2020,4
Maharashtra,5/31/2020,16.89,18423447,41.21,Rural,2020,5
Maharashtra,6/30/2020,9.4,23601016,48.34,Rural,2020,6
Meghalaya,5/31/2019,3.16,1119011,66.13,Rural,2019,5
Meghalaya,6/30/2019,4.23,1024797,61.09,Rural,2019,6
Meghalaya,7/31/2019,1.03,1158511,66.67,Rural,2019,7
Meghalaya,8/31/2019,0.52,1065725,60.86,Rural,2019,8
Meghalaya,9/30/2019,0.24,1162159,66.02,Rural,2019,9
Meghalaya,10/31/2019,3.7,1080609,63.44,Rural,2019,10
Meghalaya,11/30/2019,1.5,1205703,69.03,Rural,2019,11
Meghalaya,12/31/2019,1.8,1102997,63.18,Rural,2019,12
Meghalaya,1/31/2020,0.97,1229406,69.66,Rural,2020,1
Meghalaya,2/29/2020,2.76,1112864,64.06,Rural,2020,2
Meghalaya,3/31/2020,1.28,1192616,67.46,Rural,2020,3
Meghalaya,4/30/2020,8.38,803118,48.83,Rural,2020,4
Meghalaya,5/31/2020,3.73,992148,57.26,Rural,2020,5
Meghalaya,6/30/2020,1.35,1150200,64.63,Rural,2020,6
Odisha,5/31/2019,4.17,11155753,40.47,Rural,2019,5
Odisha,6/30/2019,4.71,10965154,39.94,Rural,2019,6
Odisha,7/31/2019,3.31,12009883,43.05,Rural,2019,7
Odisha,8/31/2019,3.68,11727659,42.13,Rural,2019,8
Odisha,9/30/2019,4.31,11167715,40.32,Rural,2019,9
Odisha,10/31/2019,4.28,11621534,41.88,Rural,2019,10
Odisha,11/30/2019,4.72,12192623,44.06,Rural,2019,11
Odisha,12/31/2019,4.67,11345069,40.91,Rural,2019,12
Odisha,1/31/2020,1.81,11182128,39.09,Rural,2020,1
Odisha,2/29/2020,3.31,11842655,41.98,Rural,2020,2
Odisha,3/31/2020,15.09,9814156,39.55,Rural,2020,3
Odisha,4/30/2020,24.48,5562449,25.16,Rural,2020,4
Odisha,5/31/2020,9.45,9683719,36.48,Rural,2020,5
Odisha,6/30/2020,4.59,10187145,36.36,Rural,2020,6
Puducherry,5/31/2019,0,172474,43.08,Rural,2019,5
Puducherry,6/30/2019,0,184527,45.95,Rural,2019,6
Puducherry,7/31/2019,0,139227,34.56,Rural,2019,7
Puducherry,8/31/2019,4.85,183930,47.83,Rural,2019,8
Puducherry,9/30/2019,0,175718,43.34,Rural,2019,9
Puducherry,10/31/2019,1.18,180283,44.85,Rural,2019,10
Puducherry,11/30/2019,0,142787,35,Rural,2019,11
Puducherry,12/31/2019,1.99,180808,45.07,Rural,2019,12
Puducherry,1/31/2020,0.58,176252,43.18,Rural,2020,1
Puducherry,2/29/2020,1.74,183619,45.38,Rural,2020,2
Puducherry,3/31/2020,2.31,142176,35.23,Rural,2020,3
Puducherry,4/30/2020,74.51,49420,46.79,Rural,2020,4
Punjab,5/31/2019,9.17,6088547,44.79,Rural,2019,5
Punjab,6/30/2019,12.21,6025235,45.79,Rural,2019,6
Punjab,7/31/2019,9.64,6308129,46.5,Rural,2019,7
Punjab,8/31/2019,6.69,6183427,44.08,Rural,2019,8
Punjab,9/30/2019,8.59,6260971,45.49,Rural,2019,9
Punjab,10/31/2019,12.56,6021921,45.66,Rural,2019,10
Punjab,11/30/2019,7.07,6395022,45.55,Rural,2019,11
Punjab,12/31/2019,6.13,6164215,43.4,Rural,2019,12
Punjab,1/31/2020,9.69,6189471,45.22,Rural,2020,1
Punjab,2/29/2020,10.41,6009820,44.19,Rural,2020,2
Punjab,3/31/2020,10.51,6373692,46.85,Rural,2020,3
Punjab,4/30/2020,3.69,4721590,32.2,Rural,2020,4
Punjab,5/31/2020,40.59,3727366,41.14,Rural,2020,5
Punjab,6/30/2020,20,5364047,43.9,Rural,2020,6
Rajasthan,5/31/2019,4.03,15226005,38.52,Rural,2019,5
Rajasthan,6/30/2019,13.7,14610564,41.02,Rural,2019,6
Rajasthan,7/31/2019,9.7,14859873,39.78,Rural,2019,7
Rajasthan,8/31/2019,12.5,15052051,41.48,Rural,2019,8
Rajasthan,9/30/2019,5.45,15419779,39.24,Rural,2019,9
Rajasthan,10/31/2019,14.66,15178544,42.69,Rural,2019,10
Rajasthan,11/30/2019,10.47,15278556,40.87,Rural,2019,11
Rajasthan,12/31/2019,13.96,15485307,43,Rural,2019,12
Rajasthan,1/31/2020,8,15484353,40.12,Rural,2020,1
Rajasthan,2/29/2020,14.48,15040572,41.83,Rural,2020,2
Rajasthan,3/31/2020,9.47,15059769,39.47,Rural,2020,3
Rajasthan,4/30/2020,12.25,13051219,35.21,Rural,2020,4
Rajasthan,5/31/2020,10.45,15586833,41.11,Rural,2020,5
Rajasthan,6/30/2020,13.86,16076978,43.98,Rural,2020,6
Sikkim,10/31/2019,5.48,146688,44.06,Rural,2019,10
Sikkim,11/30/2019,13.11,162426,53.04,Rural,2019,11
Sikkim,12/31/2019,1,161647,46.3,Rural,2019,12
Sikkim,4/30/2020,0,133399,37.72,Rural,2020,4
Sikkim,6/30/2020,5.81,141313,42.36,Rural,2020,6
Tamil Nadu,5/31/2019,0.97,15844698,49.44,Rural,2019,5
Tamil Nadu,6/30/2019,0.92,16375303,50.99,Rural,2019,6
Tamil Nadu,7/31/2019,6.01,16455928,53.94,Rural,2019,7
Tamil Nadu,8/31/2019,2.91,16463931,52.17,Rural,2019,8
Tamil Nadu,9/30/2019,1.71,14595441,45.62,Rural,2019,9
Tamil Nadu,10/31/2019,1.46,15595647,48.55,Rural,2019,10
Tamil Nadu,11/30/2019,2.46,16223430,50.95,Rural,2019,11
Tamil Nadu,12/31/2019,3.73,15356938,48.8,Rural,2019,12
Tamil Nadu,1/31/2020,1.18,14954646,46.23,Rural,2020,1
Tamil Nadu,2/29/2020,1.17,15828488,48.86,Rural,2020,2
Tamil Nadu,3/31/2020,6.36,15848590,51.56,Rural,2020,3
Tamil Nadu,4/30/2020,53.19,5086200,33.05,Rural,2020,4
Tamil Nadu,5/31/2020,38.73,5768342,28.6,Rural,2020,5
Tamil Nadu,6/30/2020,2.06,10169115,31.49,Rural,2020,6
Telangana,5/31/2019,2.23,11053353,61.74,Rural,2019,5
Telangana,6/30/2019,5.92,10728822,62.19,Rural,2019,6
Telangana,7/31/2019,2.45,11538688,64.4,Rural,2019,7
Telangana,8/31/2019,1.4,10743959,59.23,Rural,2019,8
Telangana,9/30/2019,5.49,12636415,72.57,Rural,2019,9
Telangana,10/31/2019,7.29,11375354,66.49,Rural,2019,10
Telangana,11/30/2019,6.47,11265828,65.17,Rural,2019,11
Telangana,12/31/2019,1.35,11068056,60.61,Rural,2019,12
Telangana,1/31/2020,5.02,12065915,68.51,Rural,2020,1
Telangana,2/29/2020,9.02,11304474,66.92,Rural,2020,2
Telangana,3/31/2020,5.63,12028377,68.53,Rural,2020,3
Telangana,4/30/2020,4.51,8793799,49.44,Rural,2020,4
Telangana,5/31/2020,34.01,7508747,61,Rural,2020,5
Telangana,6/30/2020,19.3,8891181,58.97,Rural,2020,6
Tripura,5/31/2019,29.25,1019549,64.47,Rural,2019,5
Tripura,6/30/2019,26.64,1107013,67.4,Rural,2019,6
Tripura,7/31/2019,22.47,1052597,60.54,Rural,2019,7
Tripura,8/31/2019,25.49,975501,58.29,Rural,2019,8
Tripura,9/30/2019,30.23,1034408,65.9,Rural,2019,9
Tripura,10/31/2019,27.54,1113764,68.21,Rural,2019,10
Tripura,11/30/2019,25.25,1084633,64.29,Rural,2019,11
Tripura,12/31/2019,26.53,1046878,63.02,Rural,2019,12
Tripura,1/31/2020,31.91,1057975,68.61,Rural,2020,1
Tripura,2/29/2020,26.22,1169347,69.88,Rural,2020,2
Tripura,3/31/2020,31.61,1060946,68.28,Rural,2020,3
Tripura,4/30/2020,43.64,675083,52.63,Rural,2020,4
Tripura,5/31/2020,14.71,911789,46.9,Rural,2020,5
Tripura,6/30/2020,18.84,1106978,59.74,Rural,2020,6
Uttar Pradesh,5/31/2019,10.26,43287808,39.96,Rural,2019,5
Uttar Pradesh,6/30/2019,11.13,42276572,39.32,Rural,2019,6
Uttar Pradesh,7/31/2019,9.19,42697000,38.78,Rural,2019,7
Uttar Pradesh,8/31/2019,11.47,43298746,40.24,Rural,2019,8
Uttar Pradesh,9/30/2019,6.45,44198762,38.79,Rural,2019,9
Uttar Pradesh,10/31/2019,10.18,42833265,39.07,Rural,2019,10
Uttar Pradesh,11/30/2019,6.94,43261530,38.01,Rural,2019,11
Uttar Pradesh,12/31/2019,8.43,44640087,39.77,Rural,2019,12
Uttar Pradesh,1/31/2020,6.06,45777509,39.67,Rural,2020,1
Uttar Pradesh,2/29/2020,8.12,44257432,39.13,Rural,2020,2
Uttar Pradesh,3/31/2020,9.37,43086706,38.53,Rural,2020,3
Uttar Pradesh,4/30/2020,19.92,39970677,40.37,Rural,2020,4
Uttar Pradesh,5/31/2020,16.89,38640999,37.52,Rural,2020,5
Uttar Pradesh,6/30/2020,8.51,41908909,36.89,Rural,2020,6
Uttarakhand,5/31/2019,1.63,2108044,37.47,Rural,2019,5
Uttarakhand,6/30/2019,4.65,2021553,37.01,Rural,2019,6
Uttarakhand,7/31/2019,5.74,2000524,36.97,Rural,2019,7
Uttarakhand,8/31/2019,6.11,1911380,35.39,Rural,2019,8
Uttarakhand,9/30/2019,3.47,2157845,38.79,Rural,2019,9
Uttarakhand,10/31/2019,4.83,2027662,36.9,Rural,2019,10
Uttarakhand,11/30/2019,5.56,2007113,36.73,Rural,2019,11
Uttarakhand,12/31/2019,4.52,1947566,35.19,Rural,2019,12
Uttarakhand,1/31/2020,4.17,1986386,35.69,Rural,2020,1
Uttarakhand,2/29/2020,4.85,2057523,37.16,Rural,2020,2
Uttarakhand,4/30/2020,3.66,1972074,35.04,Rural,2020,4
Uttarakhand,5/31/2020,3.57,1915482,33.94,Rural,2020,5
Uttarakhand,6/30/2020,10.71,1675441,32,Rural,2020,6
West Bengal,5/31/2019,6.02,23452875,46.41,Rural,2019,5
West Bengal,6/30/2019,5.85,25543465,50.36,Rural,2019,6
West Bengal,7/31/2019,5.62,24857807,48.78,Rural,2019,7
West Bengal,8/31/2019,5.58,24924827,48.79,Rural,2019,8
West Bengal,9/30/2019,5.26,25610773,49.87,Rural,2019,9
West Bengal,10/31/2019,6.78,24353018,48.09,Rural,2019,10
West Bengal,11/30/2019,5.83,25630359,50,Rural,2019,11
West Bengal,12/31/2019,5.79,24906239,48.47,Rural,2019,12
West Bengal,1/31/2020,6.79,24612171,48.3,Rural,2020,1
West Bengal,2/29/2020,3.78,26093009,49.51,Rural,2020,2
West Bengal,3/31/2020,7.02,25097812,49.18,Rural,2020,3
West Bengal,4/30/2020,18.32,17639370,39.27,Rural,2020,4
West Bengal,5/31/2020,18.43,19115772,42.53,Rural,2020,5
West Bengal,6/30/2020,4.94,21225887,40.44,Rural,2020,6
Andhra Pradesh,5/31/2019,6.09,4788661,37.45,Urban,2019,5
Andhra Pradesh,6/30/2019,3.8,4824630,36.76,Urban,2019,6
Andhra Pradesh,7/31/2019,5.64,4657443,36.1,Urban,2019,7
Andhra Pradesh,8/31/2019,4.61,4743179,36.29,Urban,2019,8
Andhra Pradesh,9/30/2019,6.01,4733996,36.69,Urban,2019,9
Andhra Pradesh,10/31/2019,4.7,4774377,36.41,Urban,2019,10
Andhra Pradesh,11/30/2019,7.54,4668772,36.62,Urban,2019,11
Andhra Pradesh,12/31/2019,7.88,4913963,38.61,Urban,2019,12
Andhra Pradesh,1/31/2020,7.11,4618860,35.91,Urban,2020,1
Andhra Pradesh,2/29/2020,5.66,4822035,36.84,Urban,2020,2
Andhra Pradesh,3/31/2020,9.88,4521537,36.08,Urban,2020,3
Andhra Pradesh,4/30/2020,32.3,2544084,26.97,Urban,2020,4
Andhra Pradesh,5/31/2020,24.91,3428356,32.69,Urban,2020,5
Andhra Pradesh,6/30/2020,5.86,4954389,37.61,Urban,2020,6
Assam,5/31/2019,7.87,1671707,44.92,Urban,2019,5
Assam,6/30/2019,9.89,1647342,45.17,Urban,2019,6
Assam,7/31/2019,3.21,1739838,44.32,Urban,2019,7
Assam,8/31/2019,10.39,1595582,43.81,Urban,2019,8
Assam,9/30/2019,9.26,1576480,42.66,Urban,2019,9
Assam,10/31/2019,11.17,1595176,44.01,Urban,2019,10
Assam,11/30/2019,6.31,1708045,44.59,Urban,2019,11
Assam,12/31/2019,5.02,1722303,44.26,Urban,2019,12
Assam,1/31/2020,7.24,1630908,42.82,Urban,2020,1
Assam,2/29/2020,9.98,1625454,43.9,Urban,2020,2
Assam,3/31/2020,10.34,1664145,45.03,Urban,2020,3
Assam,4/30/2020,8.37,1454956,38.45,Urban,2020,4
Assam,5/31/2020,10.77,1441722,39.04,Urban,2020,5
Assam,6/30/2020,3.42,1551007,38.73,Urban,2020,6
Bihar,5/31/2019,19.9,3029344,39.8,Urban,2019,5
Bihar,6/30/2019,13.29,3248864,39.35,Urban,2019,6
Bihar,7/31/2019,16.41,3059744,38.36,Urban,2019,7
Bihar,8/31/2019,17.66,2994763,38.03,Urban,2019,8
Bihar,9/30/2019,20.46,2992082,39.25,Urban,2019,9
Bihar,10/31/2019,14.06,3173429,38.45,Urban,2019,10
Bihar,11/30/2019,17.62,3081077,38.86,Urban,2019,11
Bihar,12/31/2019,14.91,2977857,36.29,Urban,2019,12
Bihar,1/31/2020,20.69,2988665,38.99,Urban,2020,1
Bihar,2/29/2020,15.11,3113464,37.87,Urban,2020,2
Bihar,3/31/2020,15.73,3049637,37.29,Urban,2020,3
Bihar,4/30/2020,58.77,1400962,34.94,Urban,2020,4
Bihar,5/31/2020,37.87,2207026,36.45,Urban,2020,5
Bihar,6/30/2020,12.45,3124663,36.54,Urban,2020,6
Chandigarh,5/31/2019,18.35,348042,44.89,Urban,2019,5
Chandigarh,6/30/2019,12.4,337145,40.44,Urban,2019,6
Chandigarh,7/31/2019,21.8,294379,39.47,Urban,2019,7
Chandigarh,8/31/2019,9.52,328282,37.95,Urban,2019,8
Chandigarh,9/30/2019,20.14,327239,42.77,Urban,2019,9
Chandigarh,10/31/2019,13.99,330856,40.06,Urban,2019,10
Chandigarh,11/30/2019,22.05,289593,38.6,Urban,2019,11
Chandigarh,12/31/2019,8.33,311146,35.19,Urban,2019,12
Chandigarh,1/31/2020,20,332062,42.94,Urban,2020,1
Chandigarh,2/29/2020,16.67,316887,39.25,Urban,2020,2
Chandigarh,3/31/2020,21.43,279839,36.68,Urban,2020,3
Chandigarh,6/30/2020,7.22,306505,33.8,Urban,2020,6
Chhattisgarh,5/31/2019,9.77,2223129,45.61,Urban,2019,5
Chhattisgarh,6/30/2019,11.77,2192020,45.88,Urban,2019,6
Chhattisgarh,7/31/2019,8.17,2285436,45.85,Urban,2019,7
Chhattisgarh,8/31/2019,6.29,2392400,46.91,Urban,2019,8
Chhattisgarh,9/30/2019,9.46,2311507,46.8,Urban,2019,9
Chhattisgarh,10/31/2019,10.27,2297096,46.82,Urban,2019,10
Chhattisgarh,11/30/2019,8.32,2341284,46.59,Urban,2019,11
Chhattisgarh,12/31/2019,3.57,2415436,45.59,Urban,2019,12
Chhattisgarh,1/31/2020,9.01,2315972,46.21,Urban,2020,1
Chhattisgarh,2/29/2020,9.79,2347941,47.14,Urban,2020,2
Chhattisgarh,3/31/2020,8.21,2407509,47.39,Urban,2020,3
Chhattisgarh,4/30/2020,20.13,1066126,24.06,Urban,2020,4
Chhattisgarh,5/31/2020,24.1,1276291,30.24,Urban,2020,5
Chhattisgarh,6/30/2020,27.07,1602231,39.41,Urban,2020,6
Delhi,5/31/2019,12.31,5756475,44.17,Urban,2019,5
Delhi,6/30/2019,12.76,5550172,42.71,Urban,2019,6
Delhi,7/31/2019,14.68,5393091,42.34,Urban,2019,7
Delhi,8/31/2019,13.52,5552510,42.9,Urban,2019,8
Delhi,9/30/2019,20.59,5642253,47.36,Urban,2019,9
Delhi,10/31/2019,12.41,6030363,45.78,Urban,2019,10
Delhi,11/30/2019,16.11,5439600,43.02,Urban,2019,11
Delhi,12/31/2019,11.07,5718337,42.56,Urban,2019,12
Delhi,1/31/2020,22.45,5647493,48.09,Urban,2020,1
Delhi,2/29/2020,14.86,5708807,44.18,Urban,2020,2
Delhi,3/31/2020,17.09,5401392,42.82,Urban,2020,3
Delhi,4/30/2020,16.51,3003787,23.59,Urban,2020,4
Delhi,5/31/2020,45.78,2343783,28.28,Urban,2020,5
Delhi,6/30/2020,18.11,4306807,34.32,Urban,2020,6
Goa,5/31/2019,2.75,264855,34.17,Urban,2019,5
Goa,6/30/2019,13.33,304015,43.96,Urban,2019,6
Goa,7/31/2019,12.28,280367,40,Urban,2019,7
Goa,8/31/2019,4.9,243277,31.97,Urban,2019,8
Goa,9/30/2019,3.16,309643,39.92,Urban,2019,9
Goa,10/31/2019,12.31,290264,41.27,Urban,2019,10
Goa,11/30/2019,25.2,271612,45.22,Urban,2019,11
Goa,12/31/2019,16.22,288154,42.77,Urban,2019,12
Goa,1/31/2020,10.92,257814,35.95,Urban,2020,1
Goa,2/29/2020,4.31,306396,39.73,Urban,2020,2
Goa,3/31/2020,4.76,277093,36.05,Urban,2020,3
Goa,4/30/2020,11.76,318957,44.74,Urban,2020,4
Gujarat,5/31/2019,4.09,9686558,41.67,Urban,2019,5
Gujarat,6/30/2019,6.31,10144965,44.57,Urban,2019,6
Gujarat,7/31/2019,5.15,9828023,42.54,Urban,2019,7
Gujarat,8/31/2019,4.2,10228154,43.72,Urban,2019,8
Gujarat,9/30/2019,5.96,9609939,41.75,Urban,2019,9
Gujarat,10/31/2019,5.45,10474217,45.14,Urban,2019,10
Gujarat,11/30/2019,7.53,9896129,43.5,Urban,2019,11
Gujarat,12/31/2019,5.71,10172812,43.75,Urban,2019,12
Gujarat,1/31/2020,5.82,9824501,42.19,Urban,2020,1
Gujarat,2/29/2020,6.04,10784753,46.31,Urban,2020,2
Gujarat,3/31/2020,5.39,10083026,42.9,Urban,2020,3
Gujarat,4/30/2020,25.94,6701284,36.33,Urban,2020,4
Gujarat,5/31/2020,11.62,6072776,27.52,Urban,2020,5
Gujarat,6/30/2020,4.54,10574711,44.26,Urban,2020,6
Haryana,5/31/2019,24.67,2693596,43.18,Urban,2019,5
Haryana,6/30/2019,20.42,2845190,43.06,Urban,2019,6
Haryana,7/31/2019,25.45,2405973,38.77,Urban,2019,7
Haryana,8/31/2019,24.19,2523005,39.87,Urban,2019,8
Haryana,9/30/2019,26.84,2675862,43.7,Urban,2019,9
Haryana,10/31/2019,21.04,2821456,42.58,Urban,2019,10
Haryana,11/30/2019,27.06,2404239,39.18,Urban,2019,11
Haryana,12/31/2019,23.65,2548835,39.57,Urban,2019,12
Haryana,1/31/2020,27.24,2630938,42.75,Urban,2020,1
Haryana,2/29/2020,23.29,2752834,42.32,Urban,2020,2
Haryana,3/31/2020,27.14,2275407,36.73,Urban,2020,3
Haryana,4/30/2020,46.89,1606580,35.48,Urban,2020,4
Haryana,5/31/2020,38.46,2013083,38.27,Urban,2020,5
Haryana,6/30/2020,29.41,2304138,38.09,Urban,2020,6
Himachal Pradesh,5/31/2019,10.88,245668,45.27,Urban,2019,5
Himachal Pradesh,6/30/2019,21.43,237576,49.58,Urban,2019,6
Himachal Pradesh,7/31/2019,21.51,235894,49.22,Urban,2019,7
Himachal Pradesh,8/31/2019,24.48,236315,51.17,Urban,2019,8
Himachal Pradesh,9/30/2019,12,247210,45.87,Urban,2019,9
Himachal Pradesh,10/31/2019,23.77,232322,49.69,Urban,2019,10
Himachal Pradesh,11/30/2019,27.27,233029,52.17,Urban,2019,11
Himachal Pradesh,12/31/2019,25.32,241366,52.55,Urban,2019,12
Himachal Pradesh,1/31/2020,18.15,246596,48.92,Urban,2020,1
Himachal Pradesh,2/29/2020,27.31,227804,50.82,Urban,2020,2
Himachal Pradesh,3/31/2020,26.44,221432,48.74,Urban,2020,3
Himachal Pradesh,4/30/2020,2.7,146957,24.42,Urban,2020,4
Himachal Pradesh,5/31/2020,50,134868,43.55,Urban,2020,5
Himachal Pradesh,6/30/2020,10.81,224902,40.66,Urban,2020,6
Jammu & Kashmir,5/31/2019,23.04,1130139,46.74,Urban,2019,5
Jammu & Kashmir,6/30/2019,19.88,1139815,45.17,Urban,2019,6
Jammu & Kashmir,7/31/2019,21.55,1183770,47.8,Urban,2019,7
Jammu & Kashmir,10/31/2019,24.06,1029087,42.63,Urban,2019,10
Jammu & Kashmir,11/30/2019,14.29,1226793,44.92,Urban,2019,11
Jammu & Kashmir,12/31/2019,7.02,1209085,40.71,Urban,2019,12
Jammu & Kashmir,1/31/2020,18.54,1079537,41.4,Urban,2020,1
Jammu & Kashmir,2/29/2020,19.86,1060116,41.23,Urban,2020,2
Jammu & Kashmir,3/31/2020,14.29,998103,36.21,Urban,2020,3
Jammu & Kashmir,5/31/2020,12.96,937435,33.33,Urban,2020,5
Jharkhand,5/31/2019,17.23,2404033,43.25,Urban,2019,5
Jharkhand,6/30/2019,20.51,2326911,43.51,Urban,2019,6
Jharkhand,7/31/2019,15.67,2434579,42.82,Urban,2019,7
Jharkhand,8/31/2019,20.25,2335406,43.35,Urban,2019,8
Jharkhand,9/30/2019,21.16,2357627,44.18,Urban,2019,9
Jharkhand,10/31/2019,19.05,2460196,44.82,Urban,2019,10
Jharkhand,11/30/2019,17.34,2424281,43.17,Urban,2019,11
Jharkhand,12/31/2019,22.01,2290170,43.14,Urban,2019,12
Jharkhand,1/31/2020,22.96,2329293,44.33,Urban,2020,1
Jharkhand,2/29/2020,19.67,2493023,45.42,Urban,2020,2
Jharkhand,3/31/2020,16.4,2480661,43.34,Urban,2020,3
Jharkhand,4/30/2020,61.48,1054829,39.92,Urban,2020,4
Jharkhand,5/31/2020,70.17,830347,40.49,Urban,2020,5
Jharkhand,6/30/2020,19.38,2244460,40.43,Urban,2020,6
Karnataka,5/31/2019,6.56,8638239,40.62,Urban,2019,5
Karnataka,6/30/2019,5,8862498,40.89,Urban,2019,6
Karnataka,7/31/2019,2.29,8738029,39.09,Urban,2019,7
Karnataka,8/31/2019,1.27,8614340,38.04,Urban,2019,8
Karnataka,9/30/2019,3.57,8647794,39,Urban,2019,9
Karnataka,10/31/2019,3.87,8799249,39.7,Urban,2019,10
Karnataka,11/30/2019,3.44,8613835,38.6,Urban,2019,11
Karnataka,12/31/2019,1.56,8592376,37.66,Urban,2019,12
Karnataka,1/31/2020,3.31,8749154,38.94,Urban,2020,1
Karnataka,2/29/2020,2.88,8924061,39.45,Urban,2020,2
Karnataka,3/31/2020,4.92,9225835,41.55,Urban,2020,3
Karnataka,4/30/2020,25.12,7387995,42.14,Urban,2020,4
Karnataka,5/31/2020,15.88,8669258,43.9,Urban,2020,5
Karnataka,6/30/2020,6.12,8822411,39.93,Urban,2020,6
Kerala,5/31/2019,6.11,4605913,36.65,Urban,2019,5
Kerala,6/30/2019,6.67,4678374,37.42,Urban,2019,6
Kerala,7/31/2019,7.58,4105211,33.13,Urban,2019,7
Kerala,8/31/2019,7.69,4448650,35.91,Urban,2019,8
Kerala,9/30/2019,5.52,4640642,36.57,Urban,2019,9
Kerala,10/31/2019,5.35,4644510,36.49,Urban,2019,10
Kerala,11/30/2019,6.71,4062767,32.36,Urban,2019,11
Kerala,12/31/2019,7.31,4440283,35.56,Urban,2019,12
Kerala,1/31/2020,6.65,4597507,36.53,Urban,2020,1
Kerala,2/29/2020,6.08,4624444,36.48,Urban,2020,2
Kerala,3/31/2020,9.14,4079775,33.24,Urban,2020,3
Kerala,4/30/2020,21.43,2179106,20.51,Urban,2020,4
Kerala,5/31/2020,30.28,2826118,29.95,Urban,2020,5
Kerala,6/30/2020,12.17,4601293,38.68,Urban,2020,6
Madhya Pradesh,5/31/2019,3.91,6692720,38.96,Urban,2019,5
Madhya Pradesh,6/30/2019,6.38,6509340,38.8,Urban,2019,6
Madhya Pradesh,7/31/2019,7.38,6266446,37.67,Urban,2019,7
Madhya Pradesh,8/31/2019,6.82,6809834,40.6,Urban,2019,8
Madhya Pradesh,9/30/2019,7,6655967,39.67,Urban,2019,9
Madhya Pradesh,10/31/2019,4.4,6603715,38.2,Urban,2019,10
Madhya Pradesh,11/30/2019,6.06,6459457,37.94,Urban,2019,11
Madhya Pradesh,12/31/2019,6.2,6787403,39.83,Urban,2019,12
Madhya Pradesh,1/31/2020,5.17,6834930,39.59,Urban,2020,1
Madhya Pradesh,2/29/2020,4.96,6533435,37.68,Urban,2020,2
Madhya Pradesh,3/31/2020,4.8,6386723,36.68,Urban,2020,3
Madhya Pradesh,4/30/2020,11.94,4802873,29.76,Urban,2020,4
Madhya Pradesh,5/31/2020,40.49,3879934,35.49,Urban,2020,5
Madhya Pradesh,6/30/2020,12.72,6221562,38.72,Urban,2020,6
Maharashtra,5/31/2019,6.08,16962574,38.3,Urban,2019,5
Maharashtra,6/30/2019,6.46,17375053,39.3,Urban,2019,6
Maharashtra,7/31/2019,6.35,17215677,38.81,Urban,2019,7
Maharashtra,8/31/2019,7.57,16602767,37.84,Urban,2019,8
Maharashtra,9/30/2019,7.6,17396398,39.58,Urban,2019,9
Maharashtra,10/31/2019,7.51,17221991,39.05,Urban,2019,10
Maharashtra,11/30/2019,7.6,17486683,39.61,Urban,2019,11
Maharashtra,12/31/2019,7.83,16581144,37.57,Urban,2019,12
Maharashtra,1/31/2020,6.67,16715470,37.32,Urban,2020,1
Maharashtra,2/29/2020,5.34,17122782,37.61,Urban,2020,2
Maharashtra,3/31/2020,6.34,17065830,37.8,Urban,2020,3
Maharashtra,4/30/2020,14.99,12674451,30.86,Urban,2020,4
Maharashtra,5/31/2020,15.92,12365754,30.38,Urban,2020,5
Maharashtra,6/30/2020,10.01,16172690,37.04,Urban,2020,6
Meghalaya,5/31/2019,8.4,228978,47.79,Urban,2019,5
Meghalaya,6/30/2019,8.66,231252,48.29,Urban,2019,6
Meghalaya,7/31/2019,4.43,284015,56.55,Urban,2019,7
Meghalaya,8/31/2019,5.8,259433,52.27,Urban,2019,8
Meghalaya,9/30/2019,5.3,253887,50.77,Urban,2019,9
Meghalaya,10/31/2019,7.2,234375,47.71,Urban,2019,10
Meghalaya,11/30/2019,3.02,293431,57.02,Urban,2019,11
Meghalaya,12/31/2019,5.21,267417,53.04,Urban,2019,12
Meghalaya,1/31/2020,4.76,261687,51.53,Urban,2020,1
Meghalaya,2/29/2020,7.37,233965,47.26,Urban,2020,2
Meghalaya,3/31/2020,2.8,289735,55.64,Urban,2020,3
Meghalaya,4/30/2020,17.39,161939,36.51,Urban,2020,4
Meghalaya,5/31/2020,14.58,222916,48.48,Urban,2020,5
Odisha,5/31/2019,2.95,2519582,41.26,Urban,2019,5
Odisha,6/30/2019,2.63,2356290,38.39,Urban,2019,6
Odisha,7/31/2019,1.78,2542237,40.99,Urban,2019,7
Odisha,8/31/2019,3.5,2456983,40.25,Urban,2019,8
Odisha,9/30/2019,3.78,2570663,42.15,Urban,2019,9
Odisha,10/31/2019,4.5,2456855,40.51,Urban,2019,10
Odisha,11/30/2019,2.23,2594469,41.71,Urban,2019,11
Odisha,12/31/2019,3.36,2369048,38.46,Urban,2019,12
Odisha,1/31/2020,2.28,2561320,41.05,Urban,2020,1
Odisha,2/29/2020,2.19,2438080,38.97,Urban,2020,2
Odisha,3/31/2020,3.96,2457952,39.93,Urban,2020,3
Odisha,4/30/2020,20.5,1303244,25.53,Urban,2020,4
Odisha,5/31/2020,10,1975481,34.12,Urban,2020,5
Odisha,6/30/2020,2.18,2221069,35.24,Urban,2020,6
Puducherry,5/31/2019,1.25,283905,35.71,Urban,2019,5
Puducherry,6/30/2019,0,304369,37.73,Urban,2019,6
Puducherry,7/31/2019,0,281117,34.77,Urban,2019,7
Puducherry,8/31/2019,8.95,312882,42.41,Urban,2019,8
Puducherry,9/30/2019,1.22,286573,35.73,Urban,2019,9
Puducherry,10/31/2019,1.17,312548,38.86,Urban,2019,10
Puducherry,11/30/2019,1.37,275003,34.19,Urban,2019,11
Puducherry,12/31/2019,5.21,313135,40.42,Urban,2019,12
Puducherry,1/31/2020,0.57,281698,34.59,Urban,2020,1
Puducherry,2/29/2020,1.78,310342,38.5,Urban,2020,2
Puducherry,3/31/2020,0.62,278851,34.12,Urban,2020,3
Puducherry,4/30/2020,76.74,68122,35.54,Urban,2020,4
Puducherry,5/31/2020,75,64538,31.25,Urban,2020,5
Puducherry,6/30/2020,4.55,234926,29.73,Urban,2020,6
Punjab,5/31/2019,13.49,3289918,40.03,Urban,2019,5
Punjab,6/30/2019,13.17,3307798,40.02,Urban,2019,6
Punjab,7/31/2019,11.61,3592442,42.62,Urban,2019,7
Punjab,8/31/2019,11.99,3499863,41.61,Urban,2019,8
Punjab,9/30/2019,15.69,3227178,39.97,Urban,2019,9
Punjab,10/31/2019,13.75,3070438,37.1,Urban,2019,10
Punjab,11/30/2019,10.39,3602243,41.82,Urban,2019,11
Punjab,12/31/2019,11.97,3575778,42.17,Urban,2019,12
Punjab,1/31/2020,13.68,3252622,39.04,Urban,2020,1
Punjab,2/29/2020,11.99,3219227,37.82,Urban,2020,2
Punjab,3/31/2020,9.97,3601793,41.29,Urban,2020,3
Punjab,4/30/2020,1.13,2298975,23.95,Urban,2020,4
Punjab,5/31/2020,20.54,2682658,34.71,Urban,2020,5
Punjab,6/30/2020,10.55,3047750,34.96,Urban,2020,6
Rajasthan,5/31/2019,13.62,5108436,39.44,Urban,2019,5
Rajasthan,6/30/2019,14.36,5241174,40.73,Urban,2019,6
Rajasthan,7/31/2019,11.67,5372470,40.38,Urban,2019,7
Rajasthan,8/31/2019,14.71,5195170,40.34,Urban,2019,8
Rajasthan,9/30/2019,12.63,5176819,39.15,Urban,2019,9
Rajasthan,10/31/2019,13.02,5384335,40.8,Urban,2019,10
Rajasthan,11/30/2019,14.3,5306715,40.73,Urban,2019,11
Rajasthan,12/31/2019,18.04,5109481,40.9,Urban,2019,12
Rajasthan,1/31/2020,18.82,5157363,41.59,Urban,2020,1
Rajasthan,2/29/2020,17.02,5288343,41.62,Urban,2020,2
Rajasthan,3/31/2020,18.54,4964911,39.71,Urban,2020,3
Rajasthan,4/30/2020,35.53,2932923,29.57,Urban,2020,4
Rajasthan,5/31/2020,25.35,4225486,36.71,Urban,2020,5
Rajasthan,6/30/2020,13.04,5275784,39.26,Urban,2020,6
Sikkim,5/31/2019,8.2,89587,48.61,Urban,2019,5
Sikkim,6/30/2019,7.76,89702,48.13,Urban,2019,6
Sikkim,7/31/2019,2.56,108334,54.67,Urban,2019,7
Sikkim,8/31/2019,4.82,90850,46.63,Urban,2019,8
Sikkim,9/30/2019,4.81,89450,45.61,Urban,2019,9
Sikkim,10/31/2019,9.68,87974,46.97,Urban,2019,10
Sikkim,11/30/2019,4.04,107751,53.8,Urban,2019,11
Sikkim,12/31/2019,7.37,88035,45.24,Urban,2019,12
Sikkim,3/31/2020,20.45,86186,50.57,Urban,2020,3
Sikkim,4/30/2020,5.77,81905,40.31,Urban,2020,4
Sikkim,5/31/2020,19.75,75456,43.32,Urban,2020,5
Sikkim,6/30/2020,2.63,76269,35.85,Urban,2020,6
Tamil Nadu,5/31/2019,0.89,11798080,37.31,Urban,2019,5
Tamil Nadu,6/30/2019,1.56,12318745,39.16,Urban,2019,6
Tamil Nadu,7/31/2019,3.18,12054414,38.89,Urban,2019,7
Tamil Nadu,8/31/2019,9.53,11933093,41.13,Urban,2019,8
Tamil Nadu,9/30/2019,1.86,11902824,37.76,Urban,2019,9
Tamil Nadu,10/31/2019,1.13,12223948,38.42,Urban,2019,10
Tamil Nadu,11/30/2019,2.65,11729952,37.38,Urban,2019,11
Tamil Nadu,12/31/2019,8.05,12260389,41.29,Urban,2019,12
Tamil Nadu,1/31/2020,2.05,11926995,37.64,Urban,2020,1
Tamil Nadu,2/29/2020,3.31,11742101,37.48,Urban,2020,2
Tamil Nadu,3/31/2020,6.46,10982178,36.17,Urban,2020,3
Tamil Nadu,4/30/2020,45.55,4632967,26.17,Urban,2020,4
Tamil Nadu,5/31/2020,25.95,5733921,23.77,Urban,2020,5
Tamil Nadu,6/30/2020,24.93,7741005,31.6,Urban,2020,6
Telangana,5/31/2019,1.52,5560649,44.59,Urban,2019,5
Telangana,6/30/2019,1.43,5683349,45.43,Urban,2019,6
Telangana,7/31/2019,3.73,5432503,44.36,Urban,2019,7
Telangana,8/31/2019,4.19,5544693,45.39,Urban,2019,8
Telangana,9/30/2019,6.19,5668785,47.28,Urban,2019,9
Telangana,10/31/2019,6.74,5318341,44.51,Urban,2019,10
Telangana,11/30/2019,5.23,5338119,43.87,Urban,2019,11
Telangana,12/31/2019,4.22,5317782,43.13,Urban,2019,12
Telangana,1/31/2020,6.49,5543380,45.95,Urban,2020,1
Telangana,2/29/2020,6.74,5521496,45.78,Urban,2020,2
Telangana,3/31/2020,6.1,5313236,43.65,Urban,2020,3
Telangana,4/30/2020,10.5,3378431,29.05,Urban,2020,4
Telangana,5/31/2020,36.57,3108830,37.63,Urban,2020,5
Telangana,6/30/2020,6.92,4577995,37.68,Urban,2020,6
Tripura,5/31/2019,34.69,423127,69.5,Urban,2019,5
Tripura,6/30/2019,25.59,408738,58.8,Urban,2019,6
Tripura,7/31/2019,25.81,410583,59.1,Urban,2019,7
Tripura,8/31/2019,33.45,368977,59.07,Urban,2019,8
Tripura,9/30/2019,33.57,418043,66.9,Urban,2019,9
Tripura,10/31/2019,26.67,414808,60,Urban,2019,10
Tripura,11/30/2019,27.15,427700,62.14,Urban,2019,11
Tripura,12/31/2019,33.48,399427,63.41,Urban,2019,12
Tripura,1/31/2020,34.37,450155,72.26,Urban,2020,1
Tripura,2/29/2020,33.88,415339,66.04,Urban,2020,2
Tripura,3/31/2020,25.69,450271,63.56,Urban,2020,3
Tripura,4/30/2020,34.88,296431,47.65,Urban,2020,4
Tripura,5/31/2020,16.78,384999,48.31,Urban,2020,5
Tripura,6/30/2020,27.47,391015,56.17,Urban,2020,6
Uttar Pradesh,5/31/2019,14.4,13391244,40.43,Urban,2019,5
Uttar Pradesh,6/30/2019,11.62,13624452,39.75,Urban,2019,6
Uttar Pradesh,7/31/2019,11.8,13862431,40.43,Urban,2019,7
Uttar Pradesh,8/31/2019,14.73,13580241,40.87,Urban,2019,8
Uttar Pradesh,9/30/2019,13.58,13522970,40.07,Urban,2019,9
Uttar Pradesh,10/31/2019,10.35,13938303,39.71,Urban,2019,10
Uttar Pradesh,11/30/2019,11.31,14128888,40.6,Urban,2019,11
Uttar Pradesh,12/31/2019,12.37,13857200,40.21,Urban,2019,12
Uttar Pradesh,1/31/2020,12.34,13656250,39.52,Urban,2020,1
Uttar Pradesh,2/29/2020,11.65,13803099,39.54,Urban,2020,2
Uttar Pradesh,3/31/2020,12.32,13889632,40,Urban,2020,3
Uttar Pradesh,4/30/2020,26.94,10944379,37.74,Urban,2020,4
Uttar Pradesh,5/31/2020,32.06,11111486,41.1,Urban,2020,5
Uttar Pradesh,6/30/2020,13.05,13208724,38.09,Urban,2020,6
Uttarakhand,5/31/2019,9.17,676797,26.33,Urban,2019,5
Uttarakhand,6/30/2019,4.69,906889,33.54,Urban,2019,6
Uttarakhand,7/31/2019,6.94,859900,32.48,Urban,2019,7
Uttarakhand,8/31/2019,7.43,823967,31.21,Urban,2019,8
Uttarakhand,9/30/2019,9.62,711150,27.51,Urban,2019,9
Uttarakhand,10/31/2019,4.72,925174,33.87,Urban,2019,10
Uttarakhand,11/30/2019,6.34,904903,33.61,Urban,2019,11
Uttarakhand,12/31/2019,7.39,844779,31.65,Urban,2019,12
Uttarakhand,1/31/2020,8.92,725253,27.55,Urban,2020,1
Uttarakhand,2/29/2020,5.28,963408,35.11,Urban,2020,2
Uttarakhand,3/31/2020,8.15,889245,33.33,Urban,2020,3
Uttarakhand,4/30/2020,13.18,748041,29.59,Urban,2020,4
Uttarakhand,5/31/2020,17.36,778590,32.27,Urban,2020,5
Uttarakhand,6/30/2020,5.08,989470,35.61,Urban,2020,6
West Bengal,5/31/2019,7.25,11306177,46.37,Urban,2019,5
West Bengal,6/30/2019,7.38,10611498,43.51,Urban,2019,6
West Bengal,7/31/2019,7.91,10779829,44.38,Urban,2019,7
West Bengal,8/31/2019,7.27,11456493,46.77,Urban,2019,8
West Bengal,9/30/2019,7.79,11158649,45.74,Urban,2019,9
West Bengal,10/31/2019,7.83,10563686,43.25,Urban,2019,10
West Bengal,11/30/2019,6.61,10768462,43.44,Urban,2019,11
West Bengal,12/31/2019,7.24,11335696,45.97,Urban,2019,12
West Bengal,1/31/2020,7.27,11208617,45.39,Urban,2020,1
West Bengal,2/29/2020,7.55,10871168,44.09,Urban,2020,2
West Bengal,3/31/2020,6.67,10806105,43.34,Urban,2020,3
West Bengal,4/30/2020,15.63,9299466,41.2,Urban,2020,4
West Bengal,5/31/2020,15.22,9240903,40.67,Urban,2020,5
West Bengal,6/30/2020,9.86,9088931,37.57,Urban,2020,6
Andhra Pradesh,1/31/2020,5.48,16635535,41.02,unknown,2020,1
Andhra Pradesh,2/29/2020,5.83,16545652,40.9,unknown,2020,2
Andhra Pradesh,3/31/2020,5.79,15881197,39.18,unknown,2020,3
Andhra Pradesh,4/30/2020,20.51,11336911,33.1,unknown,2020,4
Andhra Pradesh,5/31/2020,17.43,12988845,36.46,unknown,2020,5
Andhra Pradesh,6/30/2020,3.31,19805400,47.41,unknown,2020,6
Andhra Pradesh,7/31/2020,8.34,15431615,38.91,unknown,2020,7
Andhra Pradesh,8/31/2020,6.96,15251776,37.83,unknown,2020,8
Andhra Pradesh,9/30/2020,6.4,15220312,37.47,unknown,2020,9
Andhra Pradesh,10/31/2020,6.59,15157557,37.34,unknown,2020,10
Assam,1/31/2020,4.66,13051904,52.98,unknown,2020,1
Assam,2/29/2020,4.41,10088268,40.77,unknown,2020,2
Assam,3/31/2020,4.77,11542888,46.73,unknown,2020,3
Assam,4/30/2020,11.06,6830817,29.55,unknown,2020,4
Assam,5/31/2020,9.55,11367897,48.26,unknown,2020,5
Assam,6/30/2020,0.6,9095944,35.07,unknown,2020,6
Assam,7/31/2020,3.77,10286757,40.88,unknown,2020,7
Assam,8/31/2020,5.53,9781310,39.52,unknown,2020,8
Assam,9/30/2020,1.19,14107641,54.38,unknown,2020,9
Assam,10/31/2020,3.02,11949329,46.84,unknown,2020,10
Bihar,1/31/2020,10.61,26397671,37.72,unknown,2020,1
Bihar,2/29/2020,10.29,26281655,37.35,unknown,2020,2
Bihar,3/31/2020,15.43,25717519,38.69,unknown,2020,3
Bihar,4/30/2020,46.64,16046236,38.17,unknown,2020,4
Bihar,5/31/2020,45.96,16280203,38.16,unknown,2020,5
Bihar,6/30/2020,17.82,23963933,36.86,unknown,2020,6
Bihar,7/31/2020,12.79,24989370,36.14,unknown,2020,7
Bihar,8/31/2020,13.44,23795534,34.59,unknown,2020,8
Bihar,9/30/2020,11.91,26902907,38.35,unknown,2020,9
Bihar,10/31/2020,9.82,25693252,35.7,unknown,2020,10
Chhattisgarh,1/31/2020,9.65,8552172,43.08,unknown,2020,1
Chhattisgarh,2/29/2020,8.38,9195114,45.58,unknown,2020,2
Chhattisgarh,3/31/2020,7.54,9302317,45.59,unknown,2020,3
Chhattisgarh,4/30/2020,3.41,7600448,35.58,unknown,2020,4
Chhattisgarh,5/31/2020,10.5,6991217,35.23,unknown,2020,5
Chhattisgarh,6/30/2020,14.23,7332807,38.48,unknown,2020,6
Chhattisgarh,7/31/2020,10.27,8620294,43.14,unknown,2020,7
Chhattisgarh,8/31/2020,5.63,9050422,42.97,unknown,2020,8
Chhattisgarh,9/30/2020,1.96,9021854,41.14,unknown,2020,9
Chhattisgarh,10/31/2020,6.62,8546847,40.82,unknown,2020,10
Delhi,1/31/2020,22.23,5805284,47.79,unknown,2020,1
Delhi,2/29/2020,14.84,5856307,43.92,unknown,2020,2
Delhi,3/31/2020,17.04,5553805,42.65,unknown,2020,3
Delhi,4/30/2020,16.68,3119274,23.8,unknown,2020,4
Delhi,5/31/2020,42.27,2632404,28.91,unknown,2020,5
Delhi,6/30/2020,18.19,4418914,34.17,unknown,2020,6
Delhi,7/31/2020,20.3,4291053,33.97,unknown,2020,7
Delhi,8/31/2020,13.79,4850107,35.41,unknown,2020,8
Delhi,9/30/2020,12.53,4958373,35.59,unknown,2020,9
Delhi,10/31/2020,6.27,4842698,32.36,unknown,2020,10
Goa,1/31/2020,8.89,416750,35.73,unknown,2020,1
Goa,2/29/2020,2.81,478068,38.38,unknown,2020,2
Goa,3/31/2020,5.25,411761,33.88,unknown,2020,3
Goa,4/30/2020,13.31,500614,44.97,unknown,2020,4
Goa,5/31/2020,21.25,378244,37.36,unknown,2020,5
Goa,6/30/2020,9.96,489111,42.21,unknown,2020,6
Goa,7/31/2020,17.07,458876,42.94,unknown,2020,7
Goa,8/31/2020,16.21,473016,43.76,unknown,2020,8
Goa,9/30/2020,15.38,425004,38.89,unknown,2020,9
Goa,10/31/2020,11.54,392304,34.3,unknown,2020,10
Gujarat,1/31/2020,5.54,24126346,48.49,unknown,2020,1
Gujarat,2/29/2020,6.38,24757795,50.11,unknown,2020,2
Gujarat,3/31/2020,6.66,23566641,47.75,unknown,2020,3
Gujarat,4/30/2020,18.71,15288878,35.5,unknown,2020,4
Gujarat,5/31/2020,12.11,17836936,38.23,unknown,2020,5
Gujarat,6/30/2020,3.2,23657055,45.96,unknown,2020,6
Gujarat,7/31/2020,1.84,24276120,46.41,unknown,2020,7
Gujarat,8/31/2020,1.87,22817232,43.55,unknown,2020,8
Gujarat,9/30/2020,3.42,25010199,48.41,unknown,2020,9
Gujarat,10/31/2020,4.03,25970259,50.49,unknown,2020,10
Haryana,1/31/2020,20.34,7693231,43.36,unknown,2020,1
Haryana,2/29/2020,25.77,7322942,44.21,unknown,2020,2
Haryana,3/31/2020,25.05,6641555,39.63,unknown,2020,3
Haryana,4/30/2020,43.22,5647630,44.38,unknown,2020,4
Haryana,5/31/2020,29.02,6437868,40.39,unknown,2020,5
Haryana,6/30/2020,26.7,6951934,42.14,unknown,2020,6
Haryana,7/31/2020,24.18,6800652,39.77,unknown,2020,7
Haryana,8/31/2020,33.5,7113788,47.32,unknown,2020,8
Haryana,9/30/2020,19.68,7132439,39.2,unknown,2020,9
Haryana,10/31/2020,27.31,6698551,40.6,unknown,2020,10
Himachal Pradesh,1/31/2020,16.83,2287632,45.5,unknown,2020,1
Himachal Pradesh,2/29/2020,16.84,2180268,43.3,unknown,2020,2
Himachal Pradesh,3/31/2020,18.76,2021858,41.04,unknown,2020,3
Himachal Pradesh,4/30/2020,2.2,1131128,19.04,unknown,2020,4
Himachal Pradesh,5/31/2020,26.95,1897639,42.7,unknown,2020,5
Himachal Pradesh,6/30/2020,13.47,2199683,41.72,unknown,2020,6
Himachal Pradesh,7/31/2020,24.31,2229456,48.25,unknown,2020,7
Himachal Pradesh,8/31/2020,15.79,2029740,39.42,unknown,2020,8
Himachal Pradesh,9/30/2020,12.04,2237480,41.54,unknown,2020,9
Himachal Pradesh,10/31/2020,13.46,2123965,40.01,unknown,2020,10
Jammu & Kashmir,1/31/2020,21.08,3453025,42.2,unknown,2020,1
Jammu & Kashmir,2/29/2020,20.78,3223513,39.17,unknown,2020,2
Jammu & Kashmir,3/31/2020,15.5,3359107,38.18,unknown,2020,3
Jammu & Kashmir,5/31/2020,18.74,3246493,38.21,unknown,2020,5
Jammu & Kashmir,6/30/2020,17.92,3202336,37.24,unknown,2020,6
Jammu & Kashmir,7/31/2020,10.88,3558889,38.03,unknown,2020,7
Jammu & Kashmir,8/31/2020,11.09,3429950,36.66,unknown,2020,8
Jammu & Kashmir,9/30/2020,16.17,3210281,36.31,unknown,2020,9
Jammu & Kashmir,10/31/2020,16.14,3106691,35.05,unknown,2020,10
Jharkhand,1/31/2020,10.61,10198029,42.92,unknown,2020,1
Jharkhand,2/29/2020,11.85,10425425,44.4,unknown,2020,2
Jharkhand,3/31/2020,8.23,9638115,39.34,unknown,2020,3
Jharkhand,4/30/2020,47.09,5335262,37.69,unknown,2020,4
Jharkhand,5/31/2020,59.23,4145385,37.92,unknown,2020,5
Jharkhand,6/30/2020,20.95,8622722,40.59,unknown,2020,6
Jharkhand,7/31/2020,7.63,9521900,38.27,unknown,2020,7
Jharkhand,8/31/2020,9.76,9331640,38.31,unknown,2020,8
Jharkhand,9/30/2020,8.24,10185670,41.04,unknown,2020,9
Jharkhand,10/31/2020,11.8,10302276,43.08,unknown,2020,10
Karnataka,1/31/2020,2.86,22688028,42.18,unknown,2020,1
Karnataka,2/29/2020,3.61,21677719,40.54,unknown,2020,2
Karnataka,3/31/2020,3.46,22079653,41.14,unknown,2020,3
Karnataka,4/30/2020,29.84,16718395,42.78,unknown,2020,4
Karnataka,5/31/2020,19.97,19397853,43.43,unknown,2020,5
Karnataka,6/30/2020,8.44,24215057,47.29,unknown,2020,6
Karnataka,7/31/2020,4.01,22885616,42.55,unknown,2020,7
Karnataka,8/31/2020,0.5,24094289,43.13,unknown,2020,8
Karnataka,9/30/2020,2.41,20127176,36.66,unknown,2020,9
Karnataka,10/31/2020,1.58,22356390,40.3,unknown,2020,10
Kerala,1/31/2020,5.31,9904534,37.12,unknown,2020,1
Kerala,2/29/2020,7.6,9828023,37.71,unknown,2020,2
Kerala,3/31/2020,8.99,8221728,32,unknown,2020,3
Kerala,4/30/2020,16.99,3933276,16.77,unknown,2020,4
Kerala,5/31/2020,17.88,7921962,34.11,unknown,2020,5
Kerala,6/30/2020,9.71,9228268,36.11,unknown,2020,6
Kerala,7/31/2020,7.09,9504420,36.1,unknown,2020,7
Kerala,8/31/2020,10.98,9031944,35.78,unknown,2020,8
Kerala,9/30/2020,5.91,9240913,34.6,unknown,2020,9
Kerala,10/31/2020,3.88,9152881,33.52,unknown,2020,10
Madhya Pradesh,1/31/2020,4.11,23018632,39.42,unknown,2020,1
Madhya Pradesh,2/29/2020,4.57,22711479,39,unknown,2020,2
Madhya Pradesh,3/31/2020,2.22,22867164,38.24,unknown,2020,3
Madhya Pradesh,4/30/2020,12.36,19041832,35.45,unknown,2020,4
Madhya Pradesh,5/31/2020,21.98,18443927,38.48,unknown,2020,5
Madhya Pradesh,6/30/2020,6.48,23054646,40.04,unknown,2020,6
Madhya Pradesh,7/31/2020,5.08,23940158,40.88,unknown,2020,7
Madhya Pradesh,8/31/2020,4.7,23619011,40.08,unknown,2020,8
Madhya Pradesh,9/30/2020,3.91,23341952,39.2,unknown,2020,9
Madhya Pradesh,10/31/2020,3.13,23144552,38.47,unknown,2020,10
Maharashtra,1/31/2020,4.95,42596868,44.19,unknown,2020,1
Maharashtra,2/29/2020,4.69,42416317,43.8,unknown,2020,2
Maharashtra,3/31/2020,5.79,40196806,41.91,unknown,2020,3
Maharashtra,4/30/2020,20.9,27689253,34.32,unknown,2020,4
Maharashtra,5/31/2020,15.46,32116847,37.17,unknown,2020,5
Maharashtra,6/30/2020,9.23,39708538,42.71,unknown,2020,6
Maharashtra,7/31/2020,3.89,40998545,41.57,unknown,2020,7
Maharashtra,8/31/2020,6.23,40963616,42.49,unknown,2020,8
Maharashtra,9/30/2020,4.55,42042911,42.75,unknown,2020,9
Maharashtra,10/31/2020,4.1,43317881,43.75,unknown,2020,10
Meghalaya,1/31/2020,1.66,1491093,65.49,unknown,2020,1
Meghalaya,2/29/2020,3.59,1346829,60.2,unknown,2020,2
Meghalaya,3/31/2020,1.58,1482351,64.74,unknown,2020,3
Meghalaya,4/30/2020,10.03,965057,45.99,unknown,2020,4
Meghalaya,5/31/2020,5.92,1215064,55.24,unknown,2020,5
Meghalaya,6/30/2020,1.15,1350794,58.31,unknown,2020,6
Meghalaya,7/31/2020,2.1,1448106,62.96,unknown,2020,7
Meghalaya,8/31/2020,3.74,1357643,59.88,unknown,2020,8
Meghalaya,9/30/2020,4.29,1459726,64.6,unknown,2020,9
Meghalaya,10/31/2020,4.6,1381490,61.18,unknown,2020,10
Odisha,1/31/2020,1.9,13743448,39.44,unknown,2020,1
Odisha,2/29/2020,3.12,14280735,41.44,unknown,2020,2
Odisha,3/31/2020,13.08,12272109,39.62,unknown,2020,3
Odisha,4/30/2020,23.76,6865693,25.23,unknown,2020,4
Odisha,5/31/2020,11.41,11730937,37.04,unknown,2020,5
Odisha,6/30/2020,3.77,12903993,37.45,unknown,2020,6
Odisha,7/31/2020,1.88,13614400,38.69,unknown,2020,7
Odisha,8/31/2020,1.42,14154039,39.96,unknown,2020,8
Odisha,9/30/2020,2.1,13608422,38.63,unknown,2020,9
Odisha,10/31/2020,2.18,14094553,39.98,unknown,2020,10
Puducherry,1/31/2020,0.58,457950,37.46,unknown,2020,1
Puducherry,2/29/2020,1.76,493961,40.8,unknown,2020,2
Puducherry,3/31/2020,1.2,421028,34.49,unknown,2020,3
Puducherry,4/30/2020,75.85,117542,39.3,unknown,2020,4
Puducherry,5/31/2020,58.19,172308,33.19,unknown,2020,5
Puducherry,6/30/2020,4.24,367135,30.8,unknown,2020,6
Puducherry,7/31/2020,15.47,386563,36.64,unknown,2020,7
Puducherry,8/31/2020,5.05,396006,33.34,unknown,2020,8
Puducherry,9/30/2020,10.9,411717,36.84,unknown,2020,9
Puducherry,10/31/2020,6.18,428419,36.32,unknown,2020,10
Punjab,1/31/2020,11.11,9442093,42.82,unknown,2020,1
Punjab,2/29/2020,10.97,9229047,41.72,unknown,2020,2
Punjab,3/31/2020,10.32,9975485,44.69,unknown,2020,3
Punjab,4/30/2020,2.86,7020565,28.99,unknown,2020,4
Punjab,5/31/2020,28.33,6872938,38.39,unknown,2020,5
Punjab,6/30/2020,16.55,8390766,40.18,unknown,2020,6
Punjab,7/31/2020,9.19,9732417,42.76,unknown,2020,7
Punjab,8/31/2020,10.99,9386169,41.99,unknown,2020,8
Punjab,9/30/2020,9.61,8980432,39.5,unknown,2020,9
Punjab,10/31/2020,9.88,8800430,38.75,unknown,2020,10
Rajasthan,1/31/2020,10.97,20641716,40.51,unknown,2020,1
Rajasthan,2/29/2020,15.16,20328915,41.77,unknown,2020,2
Rajasthan,3/31/2020,11.9,20024680,39.54,unknown,2020,3
Rajasthan,4/30/2020,17.7,15984142,33.71,unknown,2020,4
Rajasthan,5/31/2020,15.74,19826602,40.74,unknown,2020,5
Rajasthan,6/30/2020,14.39,20506612,41.38,unknown,2020,6
Rajasthan,7/31/2020,15.81,19932393,40.8,unknown,2020,7
Rajasthan,8/31/2020,17.51,20014060,41.71,unknown,2020,8
Rajasthan,9/30/2020,15.35,20149594,40.83,unknown,2020,9
Rajasthan,10/31/2020,24.15,19908808,44.92,unknown,2020,10
Sikkim,3/31/2020,23.57,262895,60.59,unknown,2020,3
Sikkim,4/30/2020,2.28,215303,38.7,unknown,2020,4
Sikkim,5/31/2020,24.51,193427,44.88,unknown,2020,5
Sikkim,6/30/2020,4.46,221058,40.4,unknown,2020,6
Sikkim,7/31/2020,4.45,265175,48.32,unknown,2020,7
Sikkim,8/31/2020,12.49,244462,48.49,unknown,2020,8
Sikkim,9/30/2020,5.7,231798,42.54,unknown,2020,9
Sikkim,10/31/2020,0.88,242068,42.13,unknown,2020,10
Tamil Nadu,1/31/2020,1.57,26881641,41.96,unknown,2020,1
Tamil Nadu,2/29/2020,2.09,27570589,43.2,unknown,2020,2
Tamil Nadu,3/31/2020,6.4,26830768,43.91,unknown,2020,3
Tamil Nadu,4/30/2020,49.83,9719167,29.63,unknown,2020,4
Tamil Nadu,5/31/2020,33.16,11483256,26.23,unknown,2020,5
Tamil Nadu,6/30/2020,12.2,19096847,33.16,unknown,2020,6
Tamil Nadu,7/31/2020,6.81,24572827,40.13,unknown,2020,7
Tamil Nadu,8/31/2020,2.65,27046415,42.22,unknown,2020,8
Tamil Nadu,9/30/2020,5,23025845,36.77,unknown,2020,9
Tamil Nadu,10/31/2020,2.16,23651626,36.62,unknown,2020,10
Telangana,1/31/2020,5.49,17609295,59.25,unknown,2020,1
Telangana,2/29/2020,8.29,16825970,58.24,unknown,2020,2
Telangana,3/31/2020,5.77,17341613,58.31,unknown,2020,3
Telangana,4/30/2020,6.25,12172230,41.06,unknown,2020,4
Telangana,5/31/2020,14.7,14977774,55.43,unknown,2020,5
Telangana,6/30/2020,10.55,15108910,53.22,unknown,2020,6
Telangana,7/31/2020,5.36,15679417,52.1,unknown,2020,7
Telangana,8/31/2020,5.79,18185429,60.59,unknown,2020,8
Telangana,9/30/2020,3.27,16961448,54.94,unknown,2020,9
Telangana,10/31/2020,2.86,17578739,56.58,unknown,2020,10
Tripura,1/31/2020,32.67,1508130,69.69,unknown,2020,1
Tripura,2/29/2020,28.4,1584686,68.74,unknown,2020,2
Tripura,3/31/2020,29.95,1511217,66.89,unknown,2020,3
Tripura,4/30/2020,41.23,971514,51.16,unknown,2020,4
Tripura,5/31/2020,21.51,1290986,50.81,unknown,2020,5
Tripura,6/30/2020,21.71,1494140,58.85,unknown,2020,6
Tripura,7/31/2020,18.24,1348849,50.78,unknown,2020,7
Tripura,8/31/2020,27.92,1318621,56.21,unknown,2020,8
Tripura,9/30/2020,17.35,1368244,50.77,unknown,2020,9
Tripura,10/31/2020,11.57,1576529,54.58,unknown,2020,10
Uttar Pradesh,1/31/2020,7.58,59433759,39.63,unknown,2020,1
Uttar Pradesh,2/29/2020,8.98,58060531,39.23,unknown,2020,2
Uttar Pradesh,3/31/2020,10.11,56976338,38.89,unknown,2020,3
Uttar Pradesh,4/30/2020,21.54,50915056,39.73,unknown,2020,4
Uttar Pradesh,5/31/2020,20.41,49801902,38.22,unknown,2020,5
Uttar Pradesh,6/30/2020,9.47,55380649,37.29,unknown,2020,6
Uttar Pradesh,7/31/2020,5.56,56201654,36.19,unknown,2020,7
Uttar Pradesh,8/31/2020,5.79,55831744,35.96,unknown,2020,8
Uttar Pradesh,9/30/2020,4.18,56106836,35.45,unknown,2020,9
Uttar Pradesh,10/31/2020,3.75,56539521,35.49,unknown,2020,10
Uttarakhand,1/31/2020,5.49,2711639,32.99,unknown,2020,1
Uttarakhand,2/29/2020,4.99,3020931,36.48,unknown,2020,2
Uttarakhand,3/31/2020,19.85,2539302,36.27,unknown,2020,3
Uttarakhand,4/30/2020,6.48,2720115,33.23,unknown,2020,4
Uttarakhand,5/31/2020,8.01,2694072,33.38,unknown,2020,5
Uttarakhand,6/30/2020,8.61,2656071,33.06,unknown,2020,6
Uttarakhand,7/31/2020,12.38,2938552,38.07,unknown,2020,7
Uttarakhand,8/31/2020,14.26,2717528,35.9,unknown,2020,8
Uttarakhand,9/30/2020,22.26,2695230,39.18,unknown,2020,9
Uttarakhand,10/31/2020,9.23,2739309,34.03,unknown,2020,10
West Bengal,1/31/2020,6.94,35820789,47.35,unknown,2020,1
West Bengal,2/29/2020,4.92,36964178,47.74,unknown,2020,2
West Bengal,3/31/2020,6.92,35903917,47.27,unknown,2020,3
West Bengal,4/30/2020,17.41,26938836,39.9,unknown,2020,4
West Bengal,5/31/2020,17.41,28356675,41.92,unknown,2020,5
West Bengal,6/30/2020,7.29,30726310,40.39,unknown,2020,6
West Bengal,7/31/2020,6.83,35372506,46.17,unknown,2020,7
West Bengal,8/31/2020,14.87,33298644,47.48,unknown,2020,8
West Bengal,9/30/2020,9.35,35707239,47.73,unknown,2020,9
West Bengal,10/31/2020,9.98,33962549,45.63,unknown,2020,10
